day,gross_equity_end,net_equity_end,mean_abs_inventory,max_abs_inventory,near_limit_share,max_drawdown,gross_pnl,net_pnl,fill_count,buy_fills,sell_fills,passive_fills,taker_fills,turnover,forced_flat_turnover,avg_edge_per_fill,avg_signed_mid_move_1,avg_signed_mid_move_5,avg_signed_mid_move_10,fill_rate,attempts_per_day
-2,3524.5,3520.125,6.241925,16.25,0.0067,267.375,3524.5,3520.125,434.0,206.0,228.0,433.0,1.0,1448.0,8.75,3.250198336533158,-3.0159805454229636,-2.622633315963175,-2.803282959874935,0.028356120142103564,15481.666666666666
-1,6798.75,6793.875,6.7531,15.5,0.0185,267.375,3274.25,3273.75,441.0,214.0,227.0,440.0,1.0,1472.5,1.0,2.9736393235873053,-3.2331804281345566,-2.9254162419300034,-2.9721372748895685,0.028356120142103564,15481.666666666666
0,9815.75,9809.375,7.25275,16.75,0.0199,232.875,3017.0,3015.5,442.0,222.0,220.0,441.0,1.0,1551.0,3.0,2.9024492519351406,-3.3252583979328167,-2.946543927648579,-2.957283591731266,0.028356120142103564,15481.666666666666
